model,accuracy,kappa,sensitivity,specificity,auc
GLM,0.7573333333333333,0.5174399926467046,0.8367062107466853,0.6847479259731972,0.7607270683599412
RPART,0.9,0.7999463856313492,0.9155617585484996,0.8857689853222719,0.9425381349723961
RF,0.9753333333333334,0.950569519295255,0.9745289602233077,0.9760689215060625,0.9972875327709375
